{
  "work_size": [
    672,
    448
  ],
  "methods": [
    {
      "Method": "Logistic Regression",
      "Learn time(s)": 3.0,
      "Threshold": 0.95,
      "Accuracy": 0.9611,
      "Precision": 0.048,
      "Recall": 0.4279,
      "Specificity": 0.9634,
      "F1": 0.0863,
      "IoU": 0.0451,
      "Dice": 0.0863,
      "ROC-AUC": 0.8416,
      "PR-AUC": 0.1521
    },
    {
      "Method": "SVM (RBF)",
      "Learn time(s)": 1.1,
      "Threshold": 0.95,
      "Accuracy": 0.972,
      "Precision": 0.0431,
      "Recall": 0.2603,
      "Specificity": 0.9751,
      "F1": 0.074,
      "IoU": 0.0384,
      "Dice": 0.074,
      "ROC-AUC": 0.8124,
      "PR-AUC": 0.1073
    },
    {
      "Method": "U-Net (resnet34)",
      "Learn time(s)": 45.0,
      "Threshold": 0.95,
      "Accuracy": 0.996,
      "Precision": 0.5356,
      "Recall": 0.4344,
      "Specificity": 0.9984,
      "F1": 0.4797,
      "IoU": 0.3155,
      "Dice": 0.4797,
      "ROC-AUC": 0.9263,
      "PR-AUC": 0.6869
    }
  ],
  "confusion": {
    "Logistic Regression": [
      [
        2600697,
        98715
      ],
      [
        6656,
        4979
      ]
    ],
    "SVM (RBF)": [
      [
        2632164,
        67248
      ],
      [
        8606,
        3029
      ]
    ],
    "U-Net (resnet34)": [
      [
        2695029,
        4383
      ],
      [
        6581,
        5054
      ]
    ]
  },
  "lr_feat_coef": {
    "L": 11.060647009849378,
    "B": 10.095373535415723,
    "b": 9.272366510941657,
    "G": 6.985521745634297,
    "a": 6.586158355516826,
    "V": 4.8864893129999984,
    "R": 4.740626696581223,
    "tophat9": 2.0638013978681555,
    "contrast9": 1.8772192031617878,
    "S": 1.3354735938972364,
    "gradMag": 1.0824336251680295,
    "tophat21": 0.5915155916787523,
    "localStd": 0.5326678138886357,
    "contrast25": 0.20503801028505272
  }
}