{
  "work_size": [
    672,
    448
  ],
  "traditional": [
    {
      "Method": "SVM (传统ML)",
      "Learn time(s)": 5.0,
      "Threshold": 0.65,
      "Accuracy": 0.9848,
      "Precision": 0.0688,
      "Recall": 0.2031,
      "Specificity": 0.9882,
      "F1": 0.1028,
      "IoU": 0.0542,
      "Dice": 0.1028,
      "ROC-AUC": 0.8459,
      "PR-AUC": 0.1565
    },
    {
      "Method": "Logistic Regression (传统ML)",
      "Learn time(s)": 3.2,
      "Threshold": 0.95,
      "Accuracy": 0.9611,
      "Precision": 0.048,
      "Recall": 0.4279,
      "Specificity": 0.9634,
      "F1": 0.0863,
      "IoU": 0.0451,
      "Dice": 0.0863,
      "ROC-AUC": 0.8416,
      "PR-AUC": 0.1521
    }
  ],
  "unet": {
    "Method": "U-Net (resnet34)",
    "Learn time(s)": 94.8,
    "Threshold": 0.95,
    "Accuracy": 0.9953,
    "Precision": 0.4646,
    "Recall": 0.555,
    "Specificity": 0.9972,
    "F1": 0.5058,
    "IoU": 0.3385,
    "Dice": 0.5058,
    "ROC-AUC": 0.9585,
    "PR-AUC": 0.7321
  },
  "confusion": {
    "SVM": [
      [
        2667453,
        31959
      ],
      [
        9272,
        2363
      ]
    ],
    "Logistic Regression": [
      [
        2600697,
        98715
      ],
      [
        6656,
        4979
      ]
    ]
  },
  "unet_confusion": [
    [
      2691972,
      7440
    ],
    [
      5178,
      6457
    ]
  ],
  "feature_coefficients": {
    "SVM": {
      "R": 0.6280076686919449,
      "G": 3.0662456831783,
      "B": 5.743850101134652,
      "L": 5.461073220789543,
      "a": 3.1213407121818606,
      "b": 4.677476089246751,
      "S": 0.3711569519422264,
      "V": 3.5163614652860518,
      "contrast9": 0.6025434786074554,
      "contrast25": 0.01473665559865979,
      "localStd": 0.2718806531682127,
      "tophat9": 0.6612169625490413,
      "tophat21": 0.23590567456463293,
      "gradMag": 0.3738585862502616
    },
    "Logistic Regression": {
      "R": 4.740627115772582,
      "G": 6.985522011395865,
      "B": 10.095374130132868,
      "L": 11.060648006092713,
      "a": 6.586158817766127,
      "b": 9.272366977676649,
      "S": 1.3354736236188347,
      "V": 4.886489744179638,
      "contrast9": 1.87721922256919,
      "contrast25": 0.20503804260502603,
      "localStd": 0.5326677072577574,
      "tophat9": 2.063801442848022,
      "tophat21": 0.5915155214154313,
      "gradMag": 1.0824335579755875
    }
  }
}